Informe de Errores;;;;
Tipo : Acciones;;;;
Pais : EEUU;;;;
Fecha de creaci√≥n: 28/12/2021;;;;
;;;;
Nombre;Ref.;URL;Mensaje
Tencent Holdings Ltd ;TCTZF ;https://es.investing.com/equities/tencent-holdings-hk?cid=53031 ;TimeoutError: waiting for selector `tr#parentTr.openTr.pointer` failed: timeout 5000ms exceeded 
 JPMorgan Chase & Co ;JPM ;https://es.investing.com/equities/jp-morgan-chase ;TypeError: Cannot read property 'date' of undefined 
 Samsung Electronics Co Ltd ;SSNLF ;https://es.investing.com/equities/samsung-electronics-co-ltd?cid=104387 ;TimeoutError: waiting for selector `tr#parentTr.openTr.pointer` failed: timeout 5000ms exceeded 
 Nestle SA ;NSRGF ;https://es.investing.com/equities/nestle-ag?cid=53030 ;TimeoutError: waiting for selector `tr#parentTr.openTr.pointer` failed: timeout 5000ms exceeded 
 Bank of America Corp Pe ADR ;BAC_pe ;https://es.investing.com/equities/bank-of-america-corp-pe-adr ;TypeError: Cannot read property 'date' of undefined 
 Bank of America Corp Pl Pref ;BAC_pl ;https://es.investing.com/equities/bank-of-america-corp-pl-pref ;TypeError: Cannot read property 'date' of undefined 
 Bank of America Corp Pl ADR ;BML_pl ;https://es.investing.com/equities/bank-of-america-corp-pl-adr ;TypeError: Cannot read property 'date' of undefined 
 Bank of America Corp Pm ;BAC_pm ;https://es.investing.com/equities/bank-of-america-corp-drc ;TypeError: Cannot read property 'date' of undefined 
 Bank of America Corp ;BAC ;https://es.investing.com/equities/bank-of-america ;TypeError: Cannot read property 'date' of undefined 
 Bank of America Corp Pg ADR ;BML_pg ;https://es.investing.com/equities/bank-of-america-corp-pg-adr ;TypeError: Cannot read property 'date' of undefined 
 Bank of America Corp Ph ADR ;BML_ph ;https://es.investing.com/equities/bank-of-america-corp-ph-adr ;TypeError: Cannot read property 'date' of undefined 
 Bank of America Corp Pj ADR ;BML_pj ;https://es.investing.com/equities/bank-of-america-corp-pj-adr ;TypeError: Cannot read property 'date' of undefined 
 Roche Holding AG Participation ;RHHVF ;https://es.investing.com/equities/roche-hldg?cid=53057 ;TimeoutError: waiting for selector `tr#parentTr.openTr.pointer` failed: timeout 5000ms exceeded 
 